filename,doi,locator
f78844f8ce.png,10.1016.j.chemosphere.2019.06.008,gr1
f6f3758bf4.png,10.1016.j.chemosphere.2019.06.008,gr1
4ec7671d11.png,10.1016.j.chemosphere.2019.05.269,gr4
8b40ed2a82.png,10.1016.j.ceramint.2020.05.085,gr6
ddffc403e3.png,10.1016.j.ceramint.2020.02.278,gr2
d722a3a383.png,10.1016.j.ceramint.2020.02.165,gr5
c6ea896731.png,10.1016.j.ceramint.2020.02.164,gr3
ce6d981687.png,10.1016.j.ceramint.2019.12.153,gr2
dc20484021.png,10.1016.j.ceramint.2019.12.153,gr2
4d951b622f.png,10.1016.j.ceramint.2019.10.198,gr5
0384c4e782.png,10.1016.j.ceramint.2019.10.198,gr1
9246d32fe0.png,10.1016.j.ceramint.2019.10.198,gr1
22d5aab090.png,10.1016.j.ceramint.2019.10.198,gr1
78b42bc5e8.png,10.1016.j.ceramint.2019.10.126,gr1
2e4a3ab627.png,10.1016.j.ceramint.2019.10.044,gr2
b996f341bd.png,10.1016.j.ceramint.2019.06.060,gr2
8e68b05e0e.png,10.1016.j.ceramint.2019.01.145,gr6
00655d9628.png,10.1016.j.cej.2020.125371,gr1
1d67fb3321.png,10.1016.j.cej.2020.125371,gr1
1206963ed7.png,10.1016.j.cej.2020.125371,gr1
d8eff0e0bd.png,10.1016.j.cej.2020.125280,gr1
ce46819633.png,10.1016.j.cej.2020.125194,gr6
f58490bdaf.png,10.1016.j.cej.2020.125194,gr6
42750053e0.png,10.1016.j.cej.2020.125117,gr2
9928dad0ac.png,10.1016.j.cej.2020.124707,gr1
c61a50a061.png,10.1016.j.cej.2020.124676,gr1
60c63e2383.png,10.1016.j.cej.2020.124676,gr1
2242820128.png,10.1016.j.cej.2020.124096,gr1
4cd9e65aae.png,10.1016.j.cej.2020.124096,gr1
78847f96ee.png,10.1016.j.cej.2019.123984,gr1
f77a745ba2.png,10.1016.j.cej.2019.123835,gr2
7a48f5b4d5.png,10.1016.j.cej.2019.123671,gr3
5737e0c2c7.png,10.1016.j.cej.2019.123671,gr3
7ea28e7e54.png,10.1016.j.cej.2019.122990,gr6
9fa90de188.png,10.1016.j.cej.2019.122990,gr6
226dc58f03.png,10.1016.j.cej.2019.122990,gr6
3a9246e0ee.png,10.1016.j.cej.2019.122990,gr6
891f96f60d.png,10.1016.j.cej.2019.122990,gr6
f659af19da.png,10.1016.j.cej.2019.122990,gr6
8e50748a7b.png,10.1016.j.cej.2019.122855,gr6
f0522acde8.png,10.1016.j.cej.2019.122855,gr6
9c9d1af243.png,10.1016.j.cej.2019.122852,gr1
aa968ec1b2.png,10.1016.j.cej.2019.122762,gr9
864a2a6ccf.png,10.1016.j.cej.2019.122595,gr1
c88cae3e95.png,10.1016.j.cej.2019.122389,gr3
e1adc2ba25.png,10.1016.j.cej.2019.122175,gr1
b4ab2ea927.png,10.1016.j.cej.2019.122175,gr1
fab3633337.png,10.1016.j.cej.2019.03.083,gr2
0a55e7c93f.png,10.1016.j.cej.2018.10.213,gr1
f447a36b0b.png,10.1016.j.cclet.2019.07.024,gr3
8cee575b39.png,10.1016.j.cclet.2019.02.006,gr1
4e13b5c5f8.png,10.1016.j.cclet.2019.01.002,gr2
bc5529f7ca.png,10.1016.j.carbpol.2020.116105,gr2
48f3a148f6.png,10.1016.j.carbpol.2019.115709,gr3
e211d9d7ac.png,10.1016.j.carbpol.2019.115709,gr3
5a25d179cc.png,10.1016.j.carbpol.2019.115252,gr3
03cd0b2741.png,10.1016.j.carbpol.2019.115128,gr3
d29d644539.png,10.1016.j.carbpol.2018.11.033,gr5
513158cf83.png,10.1016.j.carbpol.2018.11.033,gr2
5addfe7111.png,10.1016.j.carbpol.2018.09.089,gr1
ffae2f363e.png,10.1016.j.carbon.2020.05.073,gr1
e2d9d3d783.png,10.1016.j.carbon.2020.05.073,gr1
c812c93fbd.png,10.1016.j.carbon.2019.12.021,gr1
b85f5e414c.png,10.1016.j.carbon.2019.12.021,gr1
d933f429cc.png,10.1016.j.carbon.2019.12.021,gr1
41c25dca24.png,10.1016.j.carbon.2019.12.021,gr1
854de5be19.png,10.1016.j.carbon.2019.11.046,gr1
d822219f76.png,10.1016.j.carbon.2019.09.041,gr1
1bed563906.png,10.1016.j.cap.2019.11.012,gr2
40afb05b44.png,10.1016.j.bsecv.2020.03.004,gr8
b616ffa779.png,10.1016.j.bios.2019.111970,gr1
0113230c21.png,10.1016.j.bios.2019.111960,gr2
89e4044418.png,10.1016.j.bios.2019.111945,gr2
30da4fa249.png,10.1016.j.bios.2019.111800,gr2
516b2f0aa8.png,10.1016.j.bios.2019.111790,gr1
62a54f335d.png,10.1016.j.bios.2019.111452,gr1
c0fcfec15c.png,10.1016.j.bios.2019.111355,gr2
a880175367.png,10.1016.j.bios.2019.03.059,gr1
e7187b91bf.png,10.1016.j.bios.2019.03.059,gr1
cd48200d46.png,10.1016.j.bios.2019.01.027,gr2
257e44104b.png,10.1016.j.bios.2018.10.033,gr2
2d6f268052.png,10.1016.j.bios.2018.10.033,gr2
bb3d8c922b.png,10.1016.j.biopha.2018.11.093,gr1
a027b64ae9.png,10.1016.j.biomaterials.2020.120167,gr3
406975041a.png,10.1016.j.biomaterials.2020.120167,gr1
0144266d21.png,10.1016.j.biomaterials.2019.119479,gr1
173c98ef82.png,10.1016.j.biomaterials.2019.119264,gr1
76dde347fc.png,10.1016.j.bcab.2020.101627,gr3
3a8af6d3f4.png,10.1016.j.bcab.2020.101627,gr3
f28b702df5.png,10.1016.j.archoralbio.2019.03.022,gr1
b19f6f3309.png,10.1016.j.arabjc.2016.04.004,gr6
58e8237dab.png,10.1016.j.apt.2019.10.001,gr2
d90c9c5b72.png,10.1016.j.apt.2019.10.001,gr2
a9a628444d.png,10.1016.j.apt.2019.10.001,gr2
8b7ce99d43.png,10.1016.j.apt.2019.10.001,gr1
4b07dbd803.png,10.1016.j.apsusc.2020.146597,gr5
404b0836f1.png,10.1016.j.apsusc.2020.146005,gr2
478a6c42ec.png,10.1016.j.apsusc.2020.146005,gr2
6db657d4f7.png,10.1016.j.apsusc.2020.145894,gr2
2897b777fe.png,10.1016.j.apsusc.2020.145778,gr1
82c99bbb53.png,10.1016.j.apsusc.2020.145778,gr1
207bb15702.png,10.1016.j.apsusc.2020.145360,gr6
ce2f96aae1.png,10.1016.j.apsusc.2020.145360,gr5
7f1a5b0782.png,10.1016.j.apsusc.2020.145360,gr3
ce41e4e56d.png,10.1016.j.apsusc.2020.145360,gr2
7988097925.png,10.1016.j.apsusc.2020.145360,gr2
15a3ba1c51.png,10.1016.j.apsusc.2020.145360,gr2
c5c0825297.png,10.1016.j.apsusc.2020.145360,gr2
e83de4878a.png,10.1016.j.apsusc.2020.145360,gr2
f5235de51f.png,10.1016.j.apsusc.2020.145360,gr1
85a5d4d8b9.png,10.1016.j.apsusc.2020.145360,gr1
f6e0ae6378.png,10.1016.j.apsusc.2020.145360,gr1
398ae34c19.png,10.1016.j.apsusc.2020.145360,gr1
0a30487a4e.png,10.1016.j.apsusc.2020.145354,gr3
23d581d8a9.png,10.1016.j.apsusc.2020.145354,gr3
22c776b059.png,10.1016.j.apsusc.2020.145335,gr1
848b740671.png,10.1016.j.apsusc.2019.144631,gr3
c7e9ec8d48.png,10.1016.j.apsusc.2019.144631,gr3
8f9db31734.png,10.1016.j.apsusc.2019.144113,gr4
b78bdee5d3.png,10.1016.j.apsusc.2019.144113,gr4
a2883fc6eb.png,10.1016.j.apmt.2019.100497,gr1
6d1574872b.png,10.1016.j.apmt.2019.07.017,gr2
41bb4d19a4.png,10.1016.j.apmt.2019.07.017,gr2
032bd4a6b1.png,10.1016.j.apmt.2019.07.017,gr2
9797ed1000.png,10.1016.j.apmt.2019.07.017,gr2
fe76e94abf.png,10.1016.j.apmt.2019.07.017,gr2
ec62d76c0a.png,10.1016.j.apcatb.2020.118805,gr1
af2a275342.png,10.1016.j.apcatb.2020.118700,gr1
bc1fe886af.png,10.1016.j.apcatb.2020.118606,gr3
728f55aed4.png,10.1016.j.apcatb.2020.118606,gr3
99eb4bad25.png,10.1016.j.apcatb.2020.118606,gr1
e4268d7502.png,10.1016.j.apcatb.2019.118560,gr2
c1bfc4308b.png,10.1016.j.apcatb.2019.118560,gr1
dfeaa0d54b.png,10.1016.j.apcatb.2019.118317,gr1
6e16b7dcb7.png,10.1016.j.apcatb.2019.118142,gr1
f84ce9e349.png,10.1016.j.apcatb.2019.01.021,gr1
26e5f24689.png,10.1016.j.apcatb.2018.11.039,gr2
2dadb1ced1.png,10.1016.j.apcata.2019.117378,gr1
39b3a6db5e.png,10.1016.j.ajps.2020.04.001,gr2
06f605c0b1.png,10.1016.j.addma.2019.100919,gr1
544b32e4cd.png,10.1016.j.addma.2019.100919,gr1
1ff313314c.png,10.1016.j.actbio.2020.04.055,gr1
3a0a2f5edf.png,10.1016.j.actbio.2020.04.055,gr1
c3d3764a5a.png,10.1016.j.actbio.2020.04.055,gr1
ae690251d5.png,10.1016.j.actbio.2020.04.055,gr1
9fac661e24.png,10.1016.j.actbio.2020.04.055,gr1
85dedcfd30.png,10.1016.j.actbio.2020.04.055,gr1
cc87926397.png,10.1016.j.actbio.2019.11.023,gr1
6d0f510327.png,10.1016.j.actbio.2019.04.056,gr2
dbbbce5020.png,10.1016.j.actbio.2019.04.023,gr1
c1cccb3332.png,10.1016.j.actbio.2019.04.022,gr1
cf703078f2.png,10.1016.j.actbio.2019.01.002,gr3
f98c5fb82a.png,10.1016.j.actbio.2018.12.046,gr1
62594342ac.png,10.1016.j.aca.2020.03.052,gr1
3692286ecf.png,10.1016.j.aca.2020.03.052,gr1
82e8007547.png,10.1016.j.aca.2020.01.049,gr2
5898a2ac02.png,10.1016.j.aca.2020.01.049,gr2
b16f4f83a4.png,10.1016.j.aca.2019.10.060,gr3
de1d3f1409.png,10.1016.j.aca.2019.07.066,gr1
934d76aaf2.png,10.1016.j.aca.2019.02.037,gr2
782d7f752d.png,10.1016.j.aca.2019.02.037,gr2
893215335a.png,10.1016.j.aca.2019.02.037,gr2
f7f7093f0f.png,10.1016.j.wear.2018.12.096,gr2
671b7c8831.png,10.1016.j.vacuum.2019.109044,gr6
d4b73860c3.png,10.1016.j.vacuum.2019.109044,gr6
0e41d62d5d.png,10.1016.j.vacuum.2019.04.061,gr6
fc9e19325c.png,10.1016.j.vacuum.2019.04.061,gr5
5568be0f4c.png,10.1016.j.ultsonch.2019.104727,gr2
51f82fcb93.png,10.1016.j.ultsonch.2019.104727,gr2
cecb19b837.png,10.1016.j.ultramic.2018.10.011,gr3
90615b870a.png,10.1016.j.ultramic.2018.10.011,gr3
17f1cecc7a.png,10.1016.j.ultramic.2018.10.011,gr3
291898b7c6.png,10.1016.j.tsf.2019.02.044,gr3
1700be1235.png,10.1016.j.triboint.2019.106071,gr1
c36b04376a.png,10.1016.j.tet.2018.11.035,gr1
9d358e8c8a.png,10.1016.j.talanta.2019.120178,gr1
d7da1a24ad.png,10.1016.j.synthmet.2019.116229,gr3
25af264996.png,10.1016.j.synthmet.2019.116229,gr3
a66c75354a.png,10.1016.j.surfcoat.2020.125856,gr2
66a6ddb34e.png,10.1016.j.solidstatesciences.2020.106179,gr3
296a52bf09.png,10.1016.j.solidstatesciences.2020.106179,gr3
21308b3614.png,10.1016.j.solidstatesciences.2020.106179,gr2
7701ac03c1.png,10.1016.j.solener.2019.12.053,gr3
d5e8abb61d.png,10.1016.j.snb.2020.128412,gr1
2b9ccd5679.png,10.1016.j.snb.2020.127964,gr1
4545280c2b.png,10.1016.j.snb.2020.127831,gr2
36de69b2c0.png,10.1016.j.snb.2020.127831,gr1
80719af02f.png,10.1016.j.snb.2019.127107,gr5
2daa27a6df.png,10.1016.j.snb.2019.127107,gr5
a59bcf3f13.png,10.1016.j.snb.2019.127107,gr2
cd22803960.png,10.1016.j.snb.2019.127107,gr2
7ab1f4b7ba.png,10.1016.j.snb.2019.127107,gr1
f7f9125fb0.png,10.1016.j.snb.2019.126861,gr1
913312cfdf.png,10.1016.j.snb.2019.03.085,gr1
be5df16bd4.png,10.1016.j.snb.2019.03.085,gr1
3bbd05202e.png,10.1016.j.snb.2018.12.134,gr2
f73d0ac26a.png,10.1016.j.snb.2018.12.134,gr2
83afcabd95.png,10.1016.j.snb.2018.09.092,gr2
b1fc590830.png,10.1016.j.sjbs.2019.10.006,gr6
e59a1a493e.png,10.1016.j.sjbs.2019.10.006,gr6
736f1a3eb2.png,10.1016.j.seppur.2019.116364,gr2
691f7638fd.png,10.1016.j.seppur.2019.116100,gr1
a1dada3898.png,10.1016.j.scitotenv.2018.10.145,gr1
55511ff512.png,10.1016.j.saa.2020.118430,gr2
b9deddff33.png,10.1016.j.saa.2020.118343,gr5
3f97a9e821.png,10.1016.j.saa.2020.118343,gr5
fc2851e6d3.png,10.1016.j.saa.2020.118343,gr1
132788669c.png,10.1016.j.saa.2020.118343,gr4
5f42a8d4a9.png,10.1016.j.saa.2020.118343,gr1
4822787326.png,10.1016.j.saa.2020.118104,gr2
75e968af41.png,10.1016.j.saa.2019.117890,gr4
03a1d18cc6.png,10.1016.j.saa.2019.117890,gr4
7d54a1c5b3.png,10.1016.j.saa.2019.117890,gr4
763c317d5d.png,10.1016.j.saa.2019.117890,gr4
fcebbb1fd9.png,10.1016.j.saa.2019.117890,gr4
535134e785.png,10.1016.j.saa.2019.117890,gr4
0fa38de2c7.png,10.1016.j.saa.2019.117890,gr4
85f5efb77d.png,10.1016.j.saa.2019.117890,gr2
b8e9061c90.png,10.1016.j.saa.2019.117177,gr2
88808139d3.png,10.1016.j.saa.2019.117177,gr2
f8a1b2bf39.png,10.1016.j.saa.2019.117177,gr2
8e1269eba3.png,10.1016.j.saa.2019.117177,gr2
ea71fe4650.png,10.1016.j.saa.2019.117177,gr2
5e22377208.png,10.1016.j.rinp.2019.102882,gr4
74391d74bd.png,10.1016.j.reactfunctpolym.2020.104520,gr6
410284d28b.png,10.1016.j.reactfunctpolym.2019.104441,gr2
73e0a09cd2.png,10.1016.j.reactfunctpolym.2019.104325,gr5
6752c27137.png,10.1016.j.powtec.2019.07.029,gr1
6169a602a0.png,10.1016.j.powtec.2019.07.029,gr1
39e18a8f4c.png,10.1016.j.porgcoat.2020.105742,gr4
04dbda93f9.png,10.1016.j.porgcoat.2019.05.018,gr1
7ecd3c2ab9.png,10.1016.j.polymertesting.2019.106110,gr4
a492171fa8.png,10.1016.j.polymertesting.2019.106110,gr4
e853d120fa.png,10.1016.j.polymertesting.2019.106110,gr4
39dda96b25.png,10.1016.j.polymertesting.2019.106110,gr4
2fb8fe344c.png,10.1016.j.polymer.2020.122219,gr2
e071eefebb.png,10.1016.j.polymer.2020.122161,gr2
1e011bd992.png,10.1016.j.polymer.2019.122024,gr8
78bda6c73b.png,10.1016.j.pmatsci.2020.100671,gr3
a630b192d4.png,10.1016.j.optmat.2020.109986,gr1
d04d7ced9f.png,10.1016.j.optmat.2020.109986,gr1
6a291d0bb4.png,10.1016.j.nantod.2020.100854,gr4
cef2196885.png,10.1016.j.nantod.2019.02.009,gr3
bbb27830b9.png,10.1016.j.nanoso.2019.100413,gr8
dedf11eb6c.png,10.1016.j.nanoso.2019.100410,gr3
027f25010a.png,10.1016.j.nanoso.2019.100288,gr1
8bf3782470.png,10.1016.j.nanoen.2019.03.008,gr2
f9d59dcb02.png,10.1016.j.mser.2019.03.001,gr3
fff35f80e1.png,10.1016.j.mser.2019.01.001,gr3
72507b07bc.png,10.1016.j.msec.2020.111062,gr1
a4b639ab1a.png,10.1016.j.msec.2019.110602,gr2
2e5dab1969.png,10.1016.j.msec.2019.110602,gr2
a1e18db01a.png,10.1016.j.msec.2019.109797,gr6
d28fb3e471.png,10.1016.j.jphotobiol.2019.03.021,gr3
923cab32ee.png,10.1016.j.jpcs.2019.02.032,gr3
986f86c3b5.png,10.1016.j.jpcs.2019.02.032,gr3
e111fb569d.png,10.1016.j.jmst.2019.10.032,gr2
b78f5fdc22.png,10.1016.j.jmst.2019.10.032,gr2
cf6823322f.png,10.1016.j.jlumin.2018.12.055,gr1
7e0c56c44b.png,10.1016.j.jinorgbio.2019.04.001,gr3
dcfbfa74e4.png,10.1016.j.jinorgbio.2019.04.001,gr3
ef6bbe7612.png,10.1016.j.jiec.2020.05.025,gr9
5fc8c5b53c.png,10.1016.j.jiec.2019.05.007,gr1
2ee0518d7a.png,10.1016.j.jiec.2019.05.007,gr1
c1d32ab54d.png,10.1016.j.jiec.2019.05.007,gr1
6643f01cf4.png,10.1016.j.jhazmat.2020.122900,gr1
ac49e14130.png,10.1016.j.jhazmat.2020.122567,gr1
19b0afdf81.png,10.1016.j.jhazmat.2020.122348,gr2
e49e69fd61.png,10.1016.j.jhazmat.2020.122348,gr2
6de290c824.png,10.1016.j.jhazmat.2020.122348,gr2
ce39bb3c03.png,10.1016.j.jhazmat.2020.122312,gr1
5c418c2eb0.png,10.1016.j.jhazmat.2020.122226,gr2
b3e7900e39.png,10.1016.j.jhazmat.2019.121714,gr2
af674cfe7e.png,10.1016.j.jhazmat.2019.121714,gr2
c83a6e91b0.png,10.1016.j.jhazmat.2019.121687,gr1
eed04b7d68.png,10.1016.j.jhazmat.2019.121601,gr2
406d70e411.png,10.1016.j.jhazmat.2019.121491,gr2
d54e727066.png,10.1016.j.jhazmat.2019.121049,gr1
7c5501d292.png,10.1016.j.jhazmat.2019.121049,gr1
cb13cb5f85.png,10.1016.j.jhazmat.2019.05.080,gr2
2bf4aa0195.png,10.1016.j.jallcom.2019.152156,gr3
e6822fbe96.png,10.1016.j.jallcom.2019.07.034,gr3
5a65f9eba2.png,10.1016.j.jallcom.2019.06.300,gr6
78c63579ba.png,10.1016.j.jallcom.2019.05.208,gr3
555eb05b4c.png,10.1016.j.jallcom.2018.12.085,gr9
87429394b0.png,10.1016.j.inoche.2019.107688,gr1
b657336f23.png,10.1016.j.indcrop.2020.112164,gr2
441414704c.png,10.1016.j.ijpharm.2019.118976,gr1
a1315df346.png,10.1016.j.ijpharm.2019.118650,gr5
ed3547f3da.png,10.1016.j.ijleo.2020.164180,gr7
33f8a59619.png,10.1016.j.ijleo.2020.164180,gr7
31f17306c8.png,10.1016.j.ijleo.2019.163676,gr4
af124a45d9.png,10.1016.j.ijleo.2019.163676,gr4
ab82fe7827.png,10.1016.j.ijhydene.2020.01.020,gr2
636334b3f1.png,10.1016.j.ijhydene.2020.01.020,gr2
c294fece54.png,10.1016.j.ijbiomac.2020.04.179,gr1
8136144eaf.png,10.1016.j.ijbiomac.2020.04.179,gr1
fb1eb65fe5.png,10.1016.j.ijbiomac.2019.08.234,gr5
b2a7683174.png,10.1016.j.ijbiomac.2019.08.234,gr5
6360a823da.png,10.1016.j.ijbiomac.2019.04.196,gr4
ee8a331d06.png,10.1016.j.ijbiomac.2019.03.031,gr2
83fd5c9288.png,10.1016.j.ijbiomac.2019.01.191,gr2
c984680063.png,10.1016.j.ijbiomac.2019.01.191,gr1
b452204939.png,10.1016.j.ijbiomac.2019.01.191,gr1
1b3c6536a3.png,10.1016.j.ijbiomac.2019.01.142,gr1
d6613c4ec5.png,10.1016.j.heliyon.2019.e01165,gr9
5842aa1a32.png,10.1016.j.heliyon.2019.e01165,gr6
724248a877.png,10.1016.j.foodres.2020.109408,gr1
345fb7ab68.png,10.1016.j.foodhyd.2020.105789,gr9
2556313831.png,10.1016.j.foodchem.2020.126575,gr1
5a6c23682b.png,10.1016.j.foodchem.2020.126575,gr1
ae001af29f.png,10.1016.j.eurpolymj.2020.109818,gr7
434e287439.png,10.1016.j.ijhydene.2019.11.192,gr1
1ecd5c901c.png,10.1016.j.yofte.2019.101962,gr2
482193653a.png,10.1016.j.optmat.2018.06.038,gr5
43be4d0a2c.png,10.1016.j.arabjc.2015.08.008,gr5
eb67400438.png,10.1016.j.ultsonch.2017.06.027,gr5
a45586af89.png,10.1016.j.ultsonch.2017.06.027,gr5
a3eb38c236.png,10.1016.j.talanta.2017.07.021,gr1
7b76562318.png,10.1016.j.talanta.2017.03.037,gr1
9c68e03e41.png,10.1016.j.surfcoat.2017.10.022,gr6
7e85b64066.png,10.1016.j.snb.2018.07.123,gr3
7f94f4bdab.png,10.1016.j.snb.2017.10.179,gr2
7fabcfe23f.png,10.1016.j.reactfunctpolym.2017.03.004,gr1
4bafa92eec.png,10.1016.j.powtec.2017.06.042,gr5
b2f6f1bbf9.png,10.1016.j.powtec.2017.06.042,gr5
fcc97c015c.png,10.1016.j.porgcoat.2017.04.050,gr5
3537f150cd.png,10.1016.j.porgcoat.2017.04.050,gr2
f29baed81b.png,10.1016.j.polymer.2017.08.061,gr2
47286679c2.png,10.1016.j.polymer.2017.02.080,gr5
c355821ea6.png,10.1016.j.photonics.2017.04.007,gr2
50a4901372.png,10.1016.j.orgel.2018.05.061,gr4
74ef917e76.png,10.1016.j.orgel.2018.05.061,gr4
10d85f70bd.png,10.1016.j.orgel.2018.05.061,gr1
a562af31ea.png,10.1016.j.nano.2018.08.003,gr1
3d103080e6.png,10.1016.j.nano.2018.08.003,gr1
08549eb98f.png,10.1016.j.mtchem.2016.11.005,gr5
7f50b86c4b.png,10.1016.j.mtchem.2016.11.005,gr5
627acee9c4.png,10.1016.j.msec.2017.04.127,gr1
80d6a1f25a.png,10.1016.j.micromeso.2017.03.028,gr1
9dc60257e5.png,10.1016.j.jphotochem.2017.08.020,gr6
802e607c7c.png,10.1016.j.jmmm.2016.11.113,gr2
82b9b9c2af.png,10.1016.j.jece.2017.08.017,gr2
9ca16b98df.png,10.1016.j.jcis.2016.12.001,gr3
3027f9ffe7.png,10.1016.j.ijpharm.2018.06.035,gr9
85743c45d1.png,10.1016.j.ijpharm.2017.01.014,gr6
d3ed612a2d.png,10.1016.j.ijpharm.2017.01.014,gr6
fe83ead30b.png,10.1016.j.ijpharm.2017.01.014,gr6
a8851978de.png,10.1016.j.ijhydene.2018.04.204,gr6
bf57480a38.png,10.1016.j.electacta.2018.05.016,gr2
9c4905d020.png,10.1016.j.colsurfb.2017.09.009,gr1
e8e39c913a.png,10.1016.j.colsurfb.2017.07.002,gr4
34f4fb273d.png,10.1016.j.chemosphere.2017.12.064,gr2
8fde53b05f.png,10.1016.j.chemosphere.2017.05.118,gr8
5c244a9ea8.png,10.1016.j.chemosphere.2017.05.118,gr8
2181ebb330.png,10.1016.j.cej.2018.06.063,gr1
59424b060a.png,10.1016.j.cej.2017.03.050,gr3
bcab6454cf.png,10.1016.j.carbpol.2017.03.031,gr2
b23c478d84.png,10.1016.j.biotechadv.2018.02.016,gr4
70f9f13af4.png,10.1016.j.bios.2018.03.016,gr1
e3a800b533.png,10.1016.j.bios.2017.04.035,gr2
8d7fc4c578.png,10.1016.j.bios.2016.02.056,gr3
1a29c5b84f.png,10.1016.j.biomaterials.2017.07.027,gr1
065d8e352c.png,10.1016.j.biomaterials.2017.07.005,gr1
77f09d7ca4.png,10.1016.j.biomaterials.2017.06.008,gr1
1cb46bfdd5.png,10.1016.j.biomaterials.2017.04.028,gr1
d3971746e0.png,10.1016.j.biomaterials.2016.10.022,gr1
738c326d73.png,10.1016.j.arabjc.2018.03.016,gr6
1b935635dd.png,10.1016.j.apsusc.2018.07.051,gr2
98a18b7db9.png,10.1016.j.apsusc.2018.04.093,gr1
41ac55ed12.png,10.1016.j.apsusc.2018.01.189,gr2
e4065c11e4.png,10.1016.j.apsusc.2017.11.151,gr2
611b9564a4.png,10.1016.j.apsusc.2017.07.106,gr3
8dffc01cc2.png,10.1016.j.apsusc.2017.05.051,gr6
c0ba8a65a5.png,10.1016.j.apsusc.2017.03.154,gr2
43875c5b20.png,10.1016.j.apsusc.2017.02.159,gr2
0289bd97e6.png,10.1016.j.apsusc.2016.11.098,gr3
3430b20071.png,10.1016.j.applthermaleng.2016.12.054,gr3
ca780314cd.png,10.1016.j.apcatb.2016.08.003,gr1
d83980d44e.png,10.1016.j.apcata.2016.10.031,gr1
9d2e813224.png,10.1016.j.actbio.2018.05.038,gr1
b392e4784f.png,10.1016.j.actbio.2018.05.038,gr1
bf6f1a320a.png,10.1016.j.actbio.2018.02.010,gr1
28d7e31165.png,10.1016.j.actbio.2016.11.037,gr3
2bc87a8698.png,10.1016.j.actbio.2016.09.041,gr5
53025d5189.png,10.1016.j.aca.2018.07.020,gr1
01ac659240.png,10.1016.j.biopha.2016.07.011,gr6
5d72761807.png,10.1016.j.ultramic.2016.08.008,gr2
fe9791f122.png,10.1016.j.tox.2016.08.020,gr1
2c6c108b4d.png,10.1016.j.talanta.2016.10.100,gr2
fd1f58d925.png,10.1016.j.snb.2017.07.010,gr1
391ef00939.png,10.1016.j.snb.2017.01.137,gr1
31121ca5cf.png,10.1016.j.snb.2017.01.137,gr1
95e201a1fe.png,10.1016.j.snb.2017.01.046,gr2
37ce835fb2.png,10.1016.j.snb.2016.10.018,gr4
3b18ef9b73.png,10.1016.j.snb.2016.07.021,gr4
07330c8ea1.png,10.1016.j.reactfunctpolym.2017.09.005,gr1
dc25ff5266.png,10.1016.j.reactfunctpolym.2016.05.013,gr3
60feb7de8f.png,10.1016.j.polymer.2017.02.080,gr3
427ebc9e15.png,10.1016.j.polymer.2017.02.080,gr3
93ed483d79.png,10.1016.j.pmatsci.2016.04.003,gr6
ee161d333c.png,10.1016.j.orgel.2017.09.038,gr5
1e0f5d817e.png,10.1016.j.orgel.2016.06.017,gr3
208b16bbb7.png,10.1016.j.nano.2017.01.007,gr7
6c52a10c75.png,10.1016.j.mtchem.2016.11.005,gr4
9c29ca7edf.png,10.1016.j.micromeso.2017.03.028,gr2
f3b36fb2ab.png,10.1016.j.micpath.2017.10.032,gr3
bf901d32a3.png,10.1016.j.memsci.2017.03.040,gr6
2387be5eaf.png,10.1016.j.memsci.2016.10.040,gr8
39b0dc1f52.png,10.1016.j.matdes.2017.08.026,gr1
1736c60650.png,10.1016.j.matdes.2016.06.107,gr6
b5ba9813a4.png,10.1016.j.jpowsour.2017.01.058,gr2
ed120ef412.png,10.1016.j.jlumin.2017.06.007,gr4
294049f7a8.png,10.1016.j.jlumin.2017.03.011,gr1
8c22d1acd5.png,10.1016.j.jconrel.2016.01.034,gr6
e493a405ad.png,10.1016.j.jcis.2016.04.046,gr1
aa309f6cec.png,10.1016.j.jcis.2016.01.026,gr8
62e729e838.png,10.1016.j.jcis.2016.01.026,gr8
3d1937b05c.png,10.1016.j.jallcom.2016.11.216,gr1
bfb2a25730.png,10.1016.j.inoche.2016.08.001,gr3
f485e2051b.png,10.1016.j.ijpharm.2017.03.031,gr4
ed3a3cb76b.png,10.1016.j.ijpharm.2016.04.073,gr6
63df66fb4d.png,10.1016.j.ijpharm.2016.01.054,gr1
e49ed62b0b.png,10.1016.j.ijhydene.2017.08.104,gr3
97e645b56e.png,10.1016.j.ijhydene.2016.06.263,gr3
3ac1920a79.png,10.1016.j.ijhydene.2016.05.184,gr1
31a727b95d.png,10.1016.j.ijbiomac.2016.08.050,gr1
6fe6ed78ab.png,10.1016.j.flatc.2017.07.004,gr6
e73bcbd77d.png,10.1016.j.eurpolymj.2016.02.025,gr7
cc9540d282.png,10.1016.j.electacta.2017.03.122,gr2
34864e691e.png,10.1016.j.electacta.2016.10.070,gr1
f32c7bd62b.png,10.1016.j.cossms.2017.01.001,gr1
9318f3ce70.png,10.1016.j.colsurfb.2017.09.011,gr2
70345dfad1.png,10.1016.j.colsurfb.2016.05.036,gr1
f24b8804c9.png,10.1016.j.colsurfa.2016.02.033,gr2
b95828224e.png,10.1016.j.colsurfa.2016.02.033,gr2
f6c0d8967e.png,10.1016.j.colsurfa.2016.01.010,gr5
62223ab32f.png,10.1016.j.chemgeo.2016.12.027,gr7
f7fa7d1729.png,10.1016.j.cej.2017.08.022,gr1
1bf56ce626.png,10.1016.j.cej.2015.12.020,gr6
5c1cd79e2e.png,10.1016.j.cej.2015.12.020,gr6
f664201c62.png,10.1016.j.cej.2015.12.020,gr6
586dc6cc59.png,10.1016.j.ccr.2015.08.002,gr5
4628753cd8.png,10.1016.j.cattod.2016.02.047,gr9
a4027c076c.png,10.1016.j.cattod.2016.02.047,gr9
2d1a6c5ce4.png,10.1016.j.carbpol.2016.07.018,gr2
2807b90ea9.png,10.1016.j.carbpol.2016.07.018,gr2
453123a947.png,10.1016.j.carbpol.2016.07.018,gr2
b0e3041a0d.png,10.1016.j.carbon.2016.10.005,gr8
2cd773d930.png,10.1016.j.bios.2016.09.003,gr2
96c772f28b.png,10.1016.j.bios.2016.03.014,gr1
f068954421.png,10.1016.j.bios.2015.07.042,gr2
5eb66b74ea.png,10.1016.j.biomaterials.2016.11.010,gr1
a68915823c.png,10.1016.j.apsusc.2017.05.179,gr1
84a6330bdb.png,10.1016.j.apsusc.2016.06.199,gr7
a8e3f32537.png,10.1016.j.apsusc.2015.11.233,gr1
ae843e9fc0.png,10.1016.j.apcatb.2017.05.020,gr1
c363833ad2.png,10.1016.j.apcatb.2016.10.081,gr1
0ca41ed5b8.png,10.1016.j.apcatb.2016.09.016,gr7
245e1a4826.png,10.1016.j.apcatb.2016.08.033,gr8
707120d0f5.png,10.1016.j.actbio.2016.12.014,gr1
ec2cc16d2a.png,10.1016.j.actbio.2016.06.003,gr7
78834ed976.png,10.1016.j.actbio.2016.06.003,gr1
e6bfc43298.png,10.1016.j.actamat.2017.04.013,gr3
9ef6e6b29d.png,10.1016.j.abb.2016.01.013,gr3
